,Supplier_Lead_Time,Inventory_Levels,Order_Frequency,Delivery_Performance,Cost_Per_Unit
Supplier_Lead_Time,1.0,0.2943501206003737,-0.9040839111385371,-0.9265183414298203,0.9702664381412953
Inventory_Levels,0.2943501206003737,1.0,-0.3434958320705889,-0.25071569771244867,0.2576558345409137
Order_Frequency,-0.9040839111385371,-0.3434958320705889,1.0,0.8133345479333031,-0.8827510723144212
Delivery_Performance,-0.9265183414298203,-0.25071569771244867,0.8133345479333031,1.0,-0.9226477687527935
Cost_Per_Unit,0.9702664381412953,0.2576558345409137,-0.8827510723144212,-0.9226477687527935,1.0
